pid,pid2,weight
0x3d27d,0x51c1f,120
0x3d27d,0x6f7f8,126
0x3d27d,0x5bcd8,962
0x3d27d,0x89408,518
0x3d27d,0x57453,176
0x3d27d,0xc2f89,3858
0x3d27d,0x399a6,455
0x3d27d,0x31cb7,108
0x3d27d,0xd686,1531
0x3d27d,0x5f4f4,177
0x3d27d,0x9a4e7,193
0x3d27d,0xbacde,239
0x3d27d,0xded9c,217
0x3d27d,0x416a0,971
0x3d27d,0x6c036,13
0x3d27d,0xdbef,96
0x3d27d,0x98d89,124
0x3d27d,0xd2ce5,2536
0x3d27d,0x9596c,1230
0x3d27d,0xd57c8,363
0x3d27d,0x868a8,153
0x3d27d,0xede5c,88
0x3d27d,0x168e,21
0x3d27d,0x81e2e,1320
0x3d27d,0x785c0,2
0x3d27d,0x703b2,22
0x3d27d,0x28218,12
0x3d27d,0x6bf70,340
0x3d27d,0xa79ed,78
0x3d27d,0x953ec,204
0x3d27d,0xe63ba,1429
0x3d27d,0x6e61,602
0x51c1f,0x6f7f8,2030
0x51c1f,0x5bcd8,25
0x51c1f,0x89408,21
0x51c1f,0x57453,3
0x51c1f,0xc2f89,133
0x51c1f,0x399a6,1757
0x51c1f,0x31cb7,305
0x51c1f,0xd686,53
0x51c1f,0x5f4f4,931
0x51c1f,0x9a4e7,643
0x51c1f,0xbacde,119
0x51c1f,0xded9c,6
0x51c1f,0x416a0,38
0x51c1f,0x6c036,201
0x51c1f,0x19084,30
0x51c1f,0xdbef,416
0x51c1f,0x98d89,547
0x51c1f,0xd2ce5,160
0x51c1f,0x9596c,122
0x51c1f,0xd57c8,449
0x51c1f,0x868a8,421
0x51c1f,0xede5c,670
0x51c1f,0x168e,126
0x51c1f,0x81e2e,87
0x51c1f,0x785c0,81
0x51c1f,0x703b2,488
0x51c1f,0x28218,711
0x51c1f,0x6bf70,25
0x51c1f,0xa79ed,79
0x51c1f,0x953ec,2
0x51c1f,0xe63ba,311
0x51c1f,0x6e61,21
0x6f7f8,0x5bcd8,99
0x6f7f8,0x89408,275
0x6f7f8,0x57453,129
0x6f7f8,0xc2f89,186
0x6f7f8,0x399a6,907
0x6f7f8,0x31cb7,371
0x6f7f8,0xd686,81
0x6f7f8,0x5f4f4,739
0x6f7f8,0x9a4e7,1632
0x6f7f8,0xbacde,836
0x6f7f8,0xded9c,13
0x6f7f8,0x416a0,123
0x6f7f8,0x6c036,160
0x6f7f8,0x19084,156
0x6f7f8,0xdbef,493
0x6f7f8,0x98d89,1638
0x6f7f8,0xd2ce5,225
0x6f7f8,0x9596c,152
0x6f7f8,0xd57c8,794
0x6f7f8,0x868a8,768
0x6f7f8,0xede5c,915
0x6f7f8,0x168e,627
0x6f7f8,0x81e2e,128
0x6f7f8,0x785c0,82
0x6f7f8,0x703b2,795
0x6f7f8,0x28218,585
0x6f7f8,0x6bf70,78
0x6f7f8,0xa79ed,72
0x6f7f8,0x953ec,99
0x6f7f8,0xe63ba,687
0x6f7f8,0x6e61,51
0x5bcd8,0x89408,421
0x5bcd8,0x57453,77
0x5bcd8,0xc2f89,1413
0x5bcd8,0x399a6,525
0x5bcd8,0x31cb7,22
0x5bcd8,0xd686,468
0x5bcd8,0x26ea5,17
0x5bcd8,0x5f4f4,16
0x5bcd8,0x9a4e7,66
0x5bcd8,0xbacde,17
0x5bcd8,0xded9c,103
0x5bcd8,0x416a0,1498
0x5bcd8,0x6c036,14
0x5bcd8,0xdbef,204
0x5bcd8,0x98d89,109
0x5bcd8,0xd2ce5,5524
0x5bcd8,0x9596c,340
0x5bcd8,0xd57c8,172
0x5bcd8,0x868a8,140
0x5bcd8,0xede5c,78
0x5bcd8,0x168e,128
0x5bcd8,0x81e2e,498
0x5bcd8,0x785c0,26
0x5bcd8,0x703b2,165
0x5bcd8,0x28218,26
0x5bcd8,0x6bf70,12
0x5bcd8,0xa79ed,13
0x5bcd8,0x953ec,103
0x5bcd8,0xe63ba,1062
0x5bcd8,0x6e61,102
0x89408,0x57453,1567
0x89408,0xc2f89,1201
0x89408,0x399a6,639
0x89408,0x31cb7,6
0x89408,0xd686,293
0x89408,0x26ea5,79
0x89408,0x5f4f4,14
0x89408,0x9a4e7,286
0x89408,0xbacde,5
0x89408,0xded9c,71
0x89408,0x416a0,761
0x89408,0x6c036,199
0x89408,0xdbef,370
0x89408,0x98d89,2936
0x89408,0xd2ce5,1075
0x89408,0x9596c,542
0x89408,0xd57c8,83
0x89408,0x868a8,760
0x89408,0xede5c,28
0x89408,0x168e,6
0x89408,0x81e2e,300
0x89408,0x785c0,19
0x89408,0x703b2,37
0x89408,0x28218,86
0x89408,0xa79ed,4
0x89408,0x953ec,242
0x89408,0xe63ba,983
0x57453,0xc2f89,227
0x57453,0x399a6,124
0x57453,0x31cb7,181
0x57453,0xd686,65
0x57453,0x26ea5,30
0x57453,0x5f4f4,5
0x57453,0x9a4e7,166
0x57453,0xbacde,5
0x57453,0xded9c,273
0x57453,0x416a0,159
0x57453,0x6c036,5
0x57453,0xdbef,266
0x57453,0x98d89,1296
0x57453,0xd2ce5,382
0x57453,0x9596c,77
0x57453,0xd57c8,27
0x57453,0x868a8,88
0x57453,0xede5c,17
0x57453,0x168e,5
0x57453,0x81e2e,224
0x57453,0x785c0,2
0x57453,0x703b2,30
0x57453,0x28218,1
0x57453,0x6bf70,16
0x57453,0xa79ed,14
0x57453,0x953ec,255
0x57453,0xe63ba,538
0x57453,0x6e61,62
0xc2f89,0x399a6,388
0xc2f89,0x31cb7,44
0xc2f89,0xd686,1779
0xc2f89,0x26ea5,55
0xc2f89,0x5f4f4,65
0xc2f89,0x9a4e7,475
0xc2f89,0xbacde,261
0xc2f89,0xded9c,178
0xc2f89,0x416a0,809
0xc2f89,0x6c036,25
0xc2f89,0xdbef,77
0xc2f89,0x98d89,238
0xc2f89,0xd2ce5,7083
0xc2f89,0x9596c,1054
0xc2f89,0xd57c8,468
0xc2f89,0x868a8,248
0xc2f89,0xede5c,65
0xc2f89,0x168e,98
0xc2f89,0x81e2e,1076
0xc2f89,0x785c0,9
0xc2f89,0x703b2,36
0xc2f89,0x28218,42
0xc2f89,0x6bf70,27
0xc2f89,0xa79ed,61
0xc2f89,0x953ec,180
0xc2f89,0xe63ba,920
0xc2f89,0x6e61,145
0x399a6,0x31cb7,134
0x399a6,0xd686,228
0x399a6,0x26ea5,44
0x399a6,0x5f4f4,38
0x399a6,0x9a4e7,425
0x399a6,0xbacde,52
0x399a6,0xded9c,123
0x399a6,0x416a0,1883
0x399a6,0x6c036,33
0x399a6,0xdbef,154
0x399a6,0x98d89,258
0x399a6,0xd2ce5,491
0x399a6,0x9596c,762
0x399a6,0xd57c8,124
0x399a6,0x868a8,220
0x399a6,0xede5c,35
0x399a6,0x168e,39
0x399a6,0x81e2e,345
0x399a6,0x785c0,8
0x399a6,0x703b2,95
0x399a6,0x28218,71
0x399a6,0x6bf70,19
0x399a6,0xa79ed,40
0x399a6,0x953ec,60
0x399a6,0xe63ba,2294
0x399a6,0x6e61,21
0x31cb7,0xd686,17
0x31cb7,0x26ea5,1
0x31cb7,0x5f4f4,373
0x31cb7,0x9a4e7,1703
0x31cb7,0xbacde,86
0x31cb7,0xded9c,24
0x31cb7,0x416a0,9
0x31cb7,0x6c036,364
0x31cb7,0x19084,43
0x31cb7,0xdbef,736
0x31cb7,0x98d89,197
0x31cb7,0xd2ce5,182
0x31cb7,0x9596c,29
0x31cb7,0xd57c8,93
0x31cb7,0x868a8,153
0x31cb7,0xede5c,86
0x31cb7,0x168e,101
0x31cb7,0x81e2e,536
0x31cb7,0x785c0,102
0x31cb7,0x703b2,46
0x31cb7,0x28218,65
0x31cb7,0x6bf70,459
0x31cb7,0xa79ed,359
0x31cb7,0x953ec,70
0x31cb7,0xe63ba,393
0x31cb7,0x6e61,121
0xd686,0x26ea5,39
0xd686,0x5f4f4,133
0xd686,0x9a4e7,235
0xd686,0xbacde,411
0xd686,0xded9c,119
0xd686,0x416a0,743
0xd686,0x6c036,24
0xd686,0xdbef,172
0xd686,0x98d89,122
0xd686,0xd2ce5,814
0xd686,0x9596c,629
0xd686,0xd57c8,424
0xd686,0x868a8,409
0xd686,0xede5c,33
0xd686,0x168e,132
0xd686,0x81e2e,795
0xd686,0x785c0,14
0xd686,0x703b2,112
0xd686,0x28218,206
0xd686,0x6bf70,26
0xd686,0xa79ed,7
0xd686,0x953ec,33
0xd686,0xe63ba,847
0xd686,0x6e61,113
0x26ea5,0x9a4e7,1
0x26ea5,0xded9c,36
0x26ea5,0x416a0,35
0x26ea5,0xdbef,1
0x26ea5,0xd2ce5,61
0x26ea5,0x9596c,47
0x26ea5,0xd57c8,1
0x26ea5,0xede5c,1
0x26ea5,0x81e2e,6
0x26ea5,0x785c0,2
0x26ea5,0x703b2,3
0x26ea5,0xa79ed,2
0x26ea5,0xe63ba,14
0x5f4f4,0x9a4e7,581
0x5f4f4,0xbacde,555
0x5f4f4,0xded9c,142
0x5f4f4,0x416a0,933
0x5f4f4,0x6c036,171
0x5f4f4,0x19084,71
0x5f4f4,0xdbef,739
0x5f4f4,0x98d89,418
0x5f4f4,0xd2ce5,202
0x5f4f4,0x9596c,837
0x5f4f4,0xd57c8,1347
0x5f4f4,0x868a8,691
0x5f4f4,0xede5c,351
0x5f4f4,0x168e,359
0x5f4f4,0x81e2e,955
0x5f4f4,0x785c0,32
0x5f4f4,0x703b2,152
0x5f4f4,0x28218,373
0x5f4f4,0x6bf70,242
0x5f4f4,0xa79ed,604
0x5f4f4,0x953ec,74
0x5f4f4,0xe63ba,323
0x5f4f4,0x6e61,58
0x9a4e7,0xbacde,1126
0x9a4e7,0xded9c,8
0x9a4e7,0x416a0,212
0x9a4e7,0x6c036,187
0x9a4e7,0x19084,85
0x9a4e7,0xdbef,610
0x9a4e7,0x98d89,1179
0x9a4e7,0xd2ce5,374
0x9a4e7,0x9596c,323
0x9a4e7,0xd57c8,3322
0x9a4e7,0x868a8,1793
0x9a4e7,0xede5c,437
0x9a4e7,0x168e,536
0x9a4e7,0x81e2e,206
0x9a4e7,0x785c0,60
0x9a4e7,0x703b2,363
0x9a4e7,0x28218,257
0x9a4e7,0x6bf70,120
0x9a4e7,0xa79ed,352
0x9a4e7,0x953ec,204
0x9a4e7,0xe63ba,843
0x9a4e7,0x6e61,31
0xbacde,0xded9c,96
0xbacde,0x416a0,836
0xbacde,0x6c036,77
0xbacde,0x19084,47
0xbacde,0xdbef,245
0xbacde,0x98d89,1317
0xbacde,0xd2ce5,369
0xbacde,0x9596c,1382
0xbacde,0xd57c8,1812
0xbacde,0x868a8,987
0xbacde,0xede5c,1414
0xbacde,0x168e,395
0xbacde,0x81e2e,504
0xbacde,0x785c0,88
0xbacde,0x703b2,409
0xbacde,0x28218,682
0xbacde,0xa79ed,58
0xbacde,0x953ec,21
0xbacde,0xe63ba,420
0xded9c,0x416a0,169
0xded9c,0x6c036,2
0xded9c,0xdbef,3
0xded9c,0x98d89,1
0xded9c,0xd2ce5,282
0xded9c,0x9596c,753
0xded9c,0xd57c8,43
0xded9c,0x868a8,5
0xded9c,0xede5c,20
0xded9c,0x168e,30
0xded9c,0x81e2e,379
0xded9c,0x785c0,69
0xded9c,0x703b2,2
0xded9c,0x28218,9
0xded9c,0x6bf70,43
0xded9c,0xa79ed,99
0xded9c,0x953ec,7
0xded9c,0xe63ba,128
0xded9c,0x6e61,99
0x416a0,0x6c036,14
0x416a0,0xdbef,84
0x416a0,0x98d89,146
0x416a0,0xd2ce5,749
0x416a0,0x9596c,2994
0x416a0,0xd57c8,1324
0x416a0,0x868a8,370
0x416a0,0xede5c,70
0x416a0,0x168e,333
0x416a0,0x81e2e,2057
0x416a0,0x785c0,7
0x416a0,0x703b2,28
0x416a0,0x28218,254
0x416a0,0xa79ed,80
0x416a0,0x953ec,172
0x416a0,0xe63ba,2079
0x416a0,0x6e61,2
0x6c036,0x19084,88
0x6c036,0xdbef,907
0x6c036,0x98d89,1096
0x6c036,0xd2ce5,13
0x6c036,0x9596c,32
0x6c036,0xd57c8,135
0x6c036,0x868a8,45
0x6c036,0xede5c,363
0x6c036,0x168e,220
0x6c036,0x81e2e,39
0x6c036,0x785c0,123
0x6c036,0x703b2,117
0x6c036,0x28218,229
0x6c036,0x6bf70,7
0x6c036,0xa79ed,59
0x6c036,0x953ec,5
0x6c036,0xe63ba,59
0x6c036,0x6e61,29
0x19084,0xdbef,102
0x19084,0x98d89,33
0x19084,0xd2ce5,1
0x19084,0xd57c8,29
0x19084,0x868a8,60
0x19084,0xede5c,14
0x19084,0x168e,6
0x19084,0x81e2e,41
0x19084,0x785c0,4
0x19084,0x28218,4
0x19084,0x6bf70,13
0x19084,0xa79ed,57
0x19084,0x6e61,11
0xdbef,0x98d89,2307
0xdbef,0xd2ce5,97
0xdbef,0x9596c,381
0xdbef,0xd57c8,1423
0xdbef,0x868a8,503
0xdbef,0xede5c,428
0xdbef,0x168e,687
0xdbef,0x81e2e,339
0xdbef,0x785c0,719
0xdbef,0x703b2,530
0xdbef,0x28218,668
0xdbef,0x6bf70,848
0xdbef,0xa79ed,737
0xdbef,0x953ec,1072
0xdbef,0xe63ba,552
0xdbef,0x6e61,36
0x98d89,0xd2ce5,201
0x98d89,0x9596c,198
0x98d89,0xd57c8,805
0x98d89,0x868a8,992
0x98d89,0xede5c,878
0x98d89,0x168e,2217
0x98d89,0x81e2e,169
0x98d89,0x785c0,96
0x98d89,0x703b2,562
0x98d89,0x28218,313
0x98d89,0x6bf70,189
0x98d89,0xa79ed,144
0x98d89,0x953ec,234
0x98d89,0xe63ba,776
0xd2ce5,0x9596c,981
0xd2ce5,0xd57c8,472
0xd2ce5,0x868a8,307
0xd2ce5,0xede5c,111
0xd2ce5,0x168e,535
0xd2ce5,0x81e2e,1442
0xd2ce5,0x785c0,1
0xd2ce5,0x703b2,96
0xd2ce5,0x28218,10
0xd2ce5,0x6bf70,118
0xd2ce5,0xa79ed,107
0xd2ce5,0x953ec,204
0xd2ce5,0xe63ba,1945
0xd2ce5,0x6e61,343
0x9596c,0xd57c8,1725
0x9596c,0x868a8,755
0x9596c,0xede5c,98
0x9596c,0x168e,453
0x9596c,0x81e2e,2453
0x9596c,0x785c0,10
0x9596c,0x703b2,195
0x9596c,0x28218,247
0x9596c,0x6bf70,48
0x9596c,0xa79ed,596
0x9596c,0x953ec,45
0x9596c,0xe63ba,4539
0x9596c,0x6e61,1104
0xd57c8,0x868a8,2676
0xd57c8,0xede5c,744
0xd57c8,0x168e,1040
0xd57c8,0x81e2e,709
0xd57c8,0x785c0,184
0xd57c8,0x703b2,538
0xd57c8,0x28218,473
0xd57c8,0x6bf70,43
0xd57c8,0xa79ed,265
0xd57c8,0x953ec,100
0xd57c8,0xe63ba,414
0xd57c8,0x6e61,167
0x868a8,0xede5c,954
0x868a8,0x168e,833
0x868a8,0x81e2e,378
0x868a8,0x785c0,46
0x868a8,0x703b2,678
0x868a8,0x28218,401
0x868a8,0x6bf70,69
0x868a8,0xa79ed,183
0x868a8,0x953ec,10
0x868a8,0xe63ba,288
0x868a8,0x6e61,160
0xede5c,0x168e,2043
0xede5c,0x81e2e,69
0xede5c,0x785c0,159
0xede5c,0x703b2,1349
0xede5c,0x28218,389
0xede5c,0xa79ed,29
0xede5c,0x953ec,6
0xede5c,0xe63ba,259
0x168e,0x81e2e,267
0x168e,0x785c0,270
0x168e,0x703b2,870
0x168e,0x28218,274
0x168e,0x6bf70,59
0x168e,0xa79ed,61
0x168e,0x953ec,12
0x168e,0xe63ba,124
0x168e,0x6e61,102
0x81e2e,0x785c0,14
0x81e2e,0x703b2,30
0x81e2e,0x28218,111
0x81e2e,0x6bf70,172
0x81e2e,0xa79ed,912
0x81e2e,0x953ec,313
0x81e2e,0xe63ba,1538
0x81e2e,0x6e61,910
0x785c0,0x703b2,170
0x785c0,0x28218,547
0x785c0,0x6bf70,2
0x785c0,0xa79ed,78
0x785c0,0xe63ba,42
0x703b2,0x28218,810
0x703b2,0x6bf70,20
0x703b2,0xa79ed,13
0x703b2,0x953ec,9
0x703b2,0xe63ba,54
0x28218,0xa79ed,16
0x28218,0xe63ba,66
0x6bf70,0xa79ed,1234
0x6bf70,0x953ec,13
0x6bf70,0xe63ba,406
0x6bf70,0x6e61,16
0xa79ed,0x953ec,45
0xa79ed,0xe63ba,177
0xa79ed,0x6e61,43
0x953ec,0xe63ba,685
0x953ec,0x6e61,11
0xe63ba,0x6e61,329
